,Algorithm,MSE,RMSE,MAE,Model
0,Neural Network,0.080185593663394,0.28317060875626554,0.21300465955404552,h2Omodel
